Algorithm,Time (s),Explored Cells,Path Length
DFS,0.0009996891021728516,119,94
BFS,0.017749547958374023,554,72
A*,0.004129171371459961,318,72
