Algorithm,Time (s),Explored Cells,Path Length
BFS,0.0125367641448974,554,72
A*,0.0055463314056396,318,72
DFS,0.019511938095092773,592,150
